Age,Sex,Username,uid
22,1,kristenly,101
17,0,americanpicklers,102
24,1,alikin,103
31,1,j_lop,104
21,0,skistep,105
29,1,annonne,106
24,1,thuyy,107
28,1,lostwithoutyou87,108
25,1,kimburly,109
22,1,mossybunny,110
26,1,ariheretic,111
22,1,sidthekid39326,112
21,1,pinkprincess95,113
23,0,hibityhibity,114
16,0,afuckingwagonwheel,115
21,1,shelby5200,116
31,0,codyisaloser,117
26,1,nomore3xfives,118
28,0,transmanny,119
21,1,darthmelonlord,120
28,1,oimky,121
25,0,jackobyd,122
26,0,xaira89,123
20,0,notsodarkninja,124
26,1,sceendy,125
31,0,noodles0311,126
26,0,jdm67,127
19,0,stabler22,128
25,0,fellininthepit,129
33,0,thedz,130
25,1,pickle_my_dill,131
39,0,jduke_,132
24,1,without-mythologies,133
27,0,savage8008,134
24,0,datbwoymjp,135
22,1,kalamazoo22,136
23,1,sammiefat2fit,137
21,0,sketchtardis,138
28,1,turbocakes,139
21,0,kornkobz69,140
22,0,oddfeature,141
19,0,rickityr,142
19,0,michael_schrute,143
35,0,mydoglixu,144
26,1,gtfolmao,145
20,1,goddessgracie808,146
20,0,s5voidwalker,147
22,0,powellm18,148
23,0,mr_luke_skywalker,149
23,0,anthonymxs918,150
21,1,kkridos,151
29,0,studlysteve,152
18,0,abukscar,153
27,1,chelseybutrum,154
27,1,hellosugarbritches,155
28,0,jonathanslavencpt,156
27,1,thrownormanaway,157
32,0,frigshift,158
23,1,pipette_on,159
22,0,mattygo93,160
20,0,gosomalipirates,161
27,1,cbongiorno07,162
23,0,-deflating,163
21,0,combathero101,164
23,1,rocky_whore,165
30,0,fr00d,166
22,0,tocoman25,167
26,0,godinez220,168
18,0,iliketolookatbutts,169
46,0,th3r00st3r,170
24,1,tacoteapot,171
20,0,ketothrowaway1916,172
21,1,toribeezy,173
21,1,awkwardlypanda5,174
19,1,insaiyane,175
31,1,superbek,176
22,0,purpleandyellow,177
18,1,holladollaballa,178
33,1,boassapplesauce,179
35,0,hessenuk,180
29,1,rockymtngrl,181
22,1,humansharpei,182
39,0,oringepear,183
26,1,snizzsyrup,184
25,1,potatoestomatoes,185
18,1,communistcowgirl,186
20,1,basicallylostforever,187
26,1,kkennzzyy,188
23,0,blurface,189
32,0,stsberi97,190
25,1,amassey1234,191
32,0,drcross,192
23,0,wbm1113,193
29,1,lissybird,194
31,0,stooven,195
32,0,captpickleback,196
25,0,christmessss,197
26,0,trypanosoma89,198
26,1,voluptuous_lime,199
31,0,gdibass,200
24,1,heyrubyway,201
26,0,stalking_ya_mom,202
21,0,zanerbery,203
24,0,thegreekitaliano,204
21,0,thejdolla,205
27,1,mrschucknorris,206
23,0,synchships,207
20,1,letsgetjigglywiggly,208
31,0,sinistriel,209
31,0,st0l3,210
20,1,tellypho,211
25,1,snellk,212
19,1,chipolthey,213
20,1,incredblethings,214
24,1,chel325,215
30,1,orions_person,216
20,1,fruloopz,217
24,1,mylifeforhire,218
22,1,hermyandthor,219
34,0,mdahlman,220
21,0,thegruesometwosome,221
20,1,56743i,222
25,1,samiam810,223
28,1,boobookittyfuck27,224
26,1,somedandelion,225
22,1,aloise08,226
24,0,sliestcrib,227
26,1,littlelovely28,228
29,1,gekelso,229
32,0,alabamaman2021,230
25,0,nakoz007,231
23,0,lovablenachos,232
30,1,tradelbsforhappy,233
20,0,mcarma,234
27,0,dgafasaurus,235
24,0,asbestos_fingers,236
27,1,missquit,237
23,1,erpascal,238
28,1,ifudoiwill2,239
20,1,mjean2,240
19,0,thejoce1,241
21,1,peachie-speechie,242
28,1,nawgirl,243
31,1,southern_oak,244
25,1,luckyduck13,245
21,1,hanananenome,246
27,1,fatofithrowaway,247
25,0,jediknightluke,248
20,1,fruloopz,249
26,0,tryan1020,250
24,0,syntheticsynapse,251
33,0,markstachow,252
24,0,redditauthority,253
24,1,kellyshmo,254
20,0,strnqa,255
29,0,jester258,256
29,1,modestfaerie,257
23,1,chelsielove,258
21,1,rune2dragon,259
19,0,l_noble21,260
24,1,kaisha41,261
23,1,katmcs,262
35,1,kimb00,263
24,0,mexicat19,264
22,0,gadams9319,265
24,0,blakeschou,266
21,1,silentstorm94,267
27,0,oneafter_909,268
21,1,losinit2016,269
20,1,dotheroarpls,270
25,1,numberonebae,271
24,1,throwitaway36733,272
21,0,futurel0b0,273
18,0,meikbeats,274
21,0,_thad_castle_,275
21,1,peachie-speechie,276
19,1,busterbalz,277
17,1,halei9h,278
23,0,bawl-o-gravay,279
22,1,abigarf,280
19,0,mjp2354,281
19,0,swyteh,282
21,1,pepperoniareola,283
29,1,yellowduckie_21,284
24,1,the_sex_kitten77,285
24,0,captainavocados,286
24,1,jabberthewocky,287
18,0,itsdrsteve,288
17,0,atomictac0,289
29,1,guenhwyvarcattiebrie,290
21,1,galacticat,291
22,0,qwackmeister,292
19,0,marquistheredditor,293
32,0,keepitterron,294
23,0,whydoesthisnamenotfi,295
21,0,billysanderson,296
23,0,ooopieceofcandy,297
26,0,ufo_abductee,298
40,0,needahart,299
21,1,fitmommytobe,300
23,0,peteinc_,301
25,0,jlangvee,302
25,1,ionlyhavetwocats,303
22,0,phenosity1,304
25,1,heartbeatbop,305
23,1,imortaljessi,306
32,0,britinbc,307
21,1,cenobiteann,308
21,0,philipshang,309
25,1,viva-c,310
30,0,badbambi,311
18,1,pmprince,312
26,0,farmone,313
25,1,kissmypenguin,314
34,1,hmousley,315
31,0,brotherdoctor,316
22,0,pwnpwnercow,317
19,1,missmorri,318
22,1,thyme4rhymes,319
30,0,zxyabd,320
29,0,darthball-z,321
27,1,beags12,322
30,1,ladymacdeath,323
19,1,poetichotdogs,324
17,0,zodyac,325
26,1,ahylianhero,326
24,0,zmoney1,327
23,1,pinkkoala92,328
20,0,mackonan,329
17,0,tgainsg,330
23,0,straighthairdresser,331
25,1,michellexbelle,332
21,1,missplasma,333
20,0,indonesianboi,334
23,0,nigelthornfruit,335
25,1,ohheyitscholay,336
53,1,peachycarol,337
25,1,barbellbarbie,338
48,1,lezbeown,339
30,1,darthpummeluff,340
19,1,keptheweight,341
23,0,potatovampire,342
37,0,knottyy,343
23,1,chmurka,344
18,0,lmaowhatttt,345
32,1,virginiawoolfvision,346
36,0,kookarocha,347
23,0,grizzlez,348
19,0,elreaper96,349
25,0,iniana,350
24,1,ritz_bitz,351
25,1,ms_glitteris,352
21,1,loseitlikeme,353
19,0,dfwintern,354
24,1,avanossa,355
35,1,assamperstamptitties,356
21,0,synister_gates__,357
20,1,michalka4589,358
26,0,scolirk,359
33,1,purpleengineer,360
27,1,canikeepit,361
21,0,thevenusflytramp,362
26,0,kbexperience,363
25,0,theuncleryry,364
22,1,ifartwhenilaughh,365
24,1,m4genta,366
30,1,anonymouslibby,367
21,0,rileythebriefcase,368
24,1,kassidiblu,369
34,0,boringaeneas,370
21,1,joscterr,371
30,1,mygreenbike85,372
44,0,roytheodd,373
20,1,__penis,374
24,1,chemicallyloved,375
26,0,xtglazex,376
27,1,cocofoshosho12,377
19,0,alfaohmega,378
26,1,lainamaina,379
21,0,robbiewmartin,380
29,0,usuli,381
22,1,reptisessive,382
22,0,sticks_0,383
42,0,alabaster13,384
27,0,subistilyn,385
24,0,eyesoftheworld4,386
25,0,strike_,387
27,1,kartarsh,388
22,1,darbyann93,389
26,0,lohfelden,390
27,1,bowchicawawwaw,391
25,0,tuxxedowolf,392
17,0,timelesturkie,393
25,0,number1luda,394
23,0,doggyburrito,395
16,0,jackindahat,396
24,0,inurshadow,397
25,1,fosterfitness,398
31,0,micompcs,399
23,1,randzie,400
26,0,axthec,401
26,0,bisgusting,402
17,0,usualteenager,403
17,0,vlaskey,404
33,0,idendoit,405
15,0,tmksimpulse,406
27,0,saltynips,407
29,0,texastonycooper,408
25,1,dontkeepitthrowit,409
29,0,techgore,410
27,0,givingback11,411
27,0,seatb3lt,412
26,1,stillfat11,413
20,0,sergeimosin,414
18,0,chickenonthego,415
17,0,qazqazblue,416
21,0,icekub,417
28,1,g33kch1c,418
18,1,mistlet03,419
25,1,mizdizocta,420
20,1,creativeusername824,421
24,0,pumafgt,422
33,1,samaxash,423
26,0,tomato_sandwich,424
43,0,nitsua642,425
32,0,daveydave83,426
18,0,ceniles,427
21,1,meems94,428
27,1,cbongiorno07,429
20,1,dotheroarpls,430
23,1,kastacks,431
25,0,ghostfacee77,432
22,1,pumpkin910,433
23,1,moriartygotswag,434
20,1,dunmorestriden,435
30,1,finchfox,436
26,1,ngc2359_,437
20,0,epikschmemer,438
29,1,physicsmagnum,439
32,1,lady_baker,440
19,1,melaurale,441
24,1,northernarrow,442
35,0,n0talent,443
18,0,facethrowaway98,444
32,0,slap253,445
36,0,minorsocratic,446
26,0,mapes,447
18,1,spiraloutx3,448
22,1,dogs_can_look_up,449
34,1,jjtg64,450
21,0,jasen1134,451
22,0,asum-sum,452
22,0,twootenjths,453
20,0,sftlns,454
19,0,hanskazandeman,455
18,1,bananerr,456
24,0,mhoixo,457
31,0,progresspicsbot,458
27,1,industrial_craze,459
42,0,worldwideed,460
27,1,dragnetdingleberry,461
30,0,aguywithathing,462
18,0,zattiw,463
23,1,the-optimistic-otter,464
25,0,ratfink1,465
18,0,ryanack1,466
24,1,caddyholmes,467
25,0,paul_lanes,468
27,1,corgimum88,469
18,0,thekillv4,470
31,0,codyisaloser,471
36,1,euclidus17,472
22,1,mustardbingo,473
25,1,mydogwatchestv,474
27,0,le_doppelganger,475
29,1,mrsc7906,476
28,1,dandy_lion21,477
25,1,sosoft90,478
35,1,timana,479
24,1,starkravenmad007,480
20,1,eraextrana7,481
21,0,kolohickory,482
24,0,withanyluckatall,483
19,0,varteix,484
30,1,jumpinjuniperr,485
30,1,katiekat25,486
28,0,46m4art1,487
20,1,foxtrotter15,488
19,0,antb123456,489
18,0,dennisreynoldsama,490
25,1,bridgeyyy,491
23,1,jlottraes,492
19,0,gohardaf,493
21,1,lorenorder,494
19,0,dansmom,495
35,0,therealatri,496
30,1,hellogoditsmeherpes,497
27,1,1doesntlovebreathing,498
32,1,accrual_intentions,499
36,1,bbflew,500
20,1,meowmeow247,501
26,1,smitha_25,502
28,1,thugnaztyforlife,503
28,0,throwawayf4tloss,504
35,0,death_by_velcro,505
20,1,tipitoad,506
17,0,m4silver,507
30,1,wjoh,508
23,0,gvjordan,509
27,0,meshriia,510
26,1,cyborg-photographer,511
23,1,kelsgrip,512
23,0,purplewalrus1331,513
29,0,furiafighter,514
23,1,garbage_bagels,515
26,0,fuckchico,516
23,0,tumblejamie,517
27,1,california_pipeline,518
30,0,cutsuma,519
23,0,mohammed_yusuf,520
30,1,lala-lulabelle,521
26,0,orp,522
38,0,italian333,523
29,0,improblypoopin,524
25,1,jettilady525,525
25,0,metastranger2night,526
22,0,tyl93,527
16,0,theriley106,528
24,1,sentientgarbage,529
18,0,haydorama,530
21,0,andrewg0804,531
25,1,xokle,532
24,0,kaydeay,533
22,0,murch,534
23,1,tinyturtletails,535
30,0,ppthrowaway4321,536
22,1,queenofsmells,537
18,0,tomjcheal,538
26,0,davdav9069,539
18,0,delzak421,540
19,0,dudematt0412,541
21,1,ieatcha,542
34,1,livesinashoe,543
24,1,couldyanot,544
16,0,owendoes,545
17,1,sartreical,546
18,0,horny_cactus,547
28,0,sventheten,548
19,1,scarlettcampbell,549
24,0,greytowelbluetowel,550
24,1,sentientgarbage,551
21,0,ghostbuster559,552
22,0,caleb-trask,553
26,0,littleshlando,554
23,1,mvpearson,555
21,0,joniherum,556
27,0,truecouchpotato,557
17,1,seidlka,558
23,1,peachymiri,559
29,0,nikmi,560
26,0,txlando,561
18,1,wrigleychewingcum,562
19,0,dallen1460,563
23,1,birdie19,564
27,1,wingsofcolor,565
31,0,se7endust1,566
30,1,piece0fpi,567
24,0,trevkno2,568
30,0,cant-all-be-winners,569
23,0,punlives,570
43,0,sparkstalker,571
19,0,wynnoprior,572
20,1,noathings,573
19,1,lolcouches,574
23,1,igetweakx,575
28,1,nulliensanctuary,576
29,0,joefarrellcoaching,577
27,0,jrswab,578
30,0,lastbaron,579
18,0,cynicalmarvin,580
22,1,sasangu,581
26,1,novastarchaser,582
32,1,throwawaychica,583
26,0,pm_me_a_platypus,584
27,0,holymolyoly,585
23,0,champion0fthesunn,586
30,0,jomich85,587
19,0,tristanccr,588
26,1,folkadots,589
24,0,nak511,590
19,0,hunaria,591
23,0,erickm44,592
22,1,howells22,593
39,0,anthonyr77,594
34,0,druglord,595
24,1,disney-roo,596
34,1,she2cute,597
26,1,wambolicious,598
24,0,williumg,599
22,1,blacknarcissa,600
21,1,thewardenisin,601
31,1,kimber84,602
25,0,stonedpockets,603
28,1,mamers87,604
21,1,hunters247,605
23,0,tailofthewhale,606
29,0,trei_gamer,607
24,0,kool_adhd,608
25,1,futurecompanion11,609
18,0,addictedtogains,610
30,0,_op_is_a_,611
26,1,wandlore,612
26,1,cupcakeninja2,613
28,1,enthoren,614
40,0,ohio3302106,615
22,0,cigarjpug,616
32,0,dantodd1984,617
32,0,garygotfit,618
31,1,shy_fit,619
24,0,ktwann92,620
17,0,dtmphysique,621
35,0,varisforge,622
25,1,mypurplemascara,623
26,0,nuudoru,624
22,0,meesahpibbs,625
20,0,longhanks,626
20,1,geeenz_,627
23,0,szindig,628
24,0,hebrews,629
25,1,surraemae,630
30,1,ravenclawedo1,631
24,0,tdwsi,632
25,1,rcendre,633
24,0,romanianway,634
24,0,alnelson2,635
23,0,ccron,636
31,0,danzig74,637
34,1,stellahav,638
25,1,marissakayle,639
23,1,mifalababy,640
19,0,thuggnhard,641
33,0,dwwise83,642
21,1,muppetsinspacelol,643
28,0,luigone1,644
25,1,fluffstermonster,645
26,0,surfingelectrode,646
29,1,elcwin,647
27,0,schnitzelerino,648
28,1,plan_it_mallory,649
23,1,wreckingballointment,650
28,0,situationalawareness,651
25,1,porcelaingoddess,652
37,0,judodiet,653
26,0,mavedustaine,654
18,0,dylanstudioz,655
34,1,lizara99,656
28,1,misscakes,657
23,0,templer_6500,658
23,1,laynalouwho,659
28,1,ren410,660
26,0,illadelphian,661
25,0,ryanjf90,662
20,1,1000korpses,663
25,1,yyeneews,664
22,0,alexradically,665
27,0,indisputable_fact,666
40,0,tazzy100,667
20,0,joostink,668
27,1,sayanything00,669
19,1,motiv8ingmyself,670
21,1,aeoliaa,671
26,0,mannbarschwein,672
24,1,trianglesandpears,673
25,1,nellbell3044,674
23,1,cowsandwhatnot,675
27,1,anitanit,676
26,1,blackhawksgirl89,677
29,0,bmstile,678
29,0,tommievo,679
25,0,elessar4126,680
25,1,ctrloccurs,681
20,1,emzieees,682
20,0,sashimiq,683
24,0,pginn,684
28,0,akoroka,685
27,0,ghostgamingg,686
24,1,northerncacy,687
20,1,goshdarnspiffy,688
25,1,so_motarded,689
24,1,alishahsila,690
33,1,pandabeastmode,691
27,0,donthurtthisguy,692
26,0,wipedown,693
20,0,johnypony,694
21,0,cycloalkene,695
27,0,phallus_prime,696
20,0,kukkli,697
27,0,omgwtfjesuslol,698
19,1,threwitaway112233,699
18,0,playswonderwall,700
23,0,poopymcfarty0,701
28,0,xesacra,702
22,1,pm_me_ur_progress,703
23,1,flyinglowthistime,704
26,0,chollly,705
27,0,coalinator,706
33,1,ultimatoes,707
22,0,bbandrage,708
23,0,dalegribbie,709
20,0,freemyniggajamal,710
26,0,galp_nation,711
22,1,laadyfromthenorth,712
22,1,kitten-play-time,713
